Workbook
Name chart_Week: INDEX(WeeklyLog[Week Of],1):INDEX(WeeklyLog[Week Of],MAX(1,COUNT(WeeklyLog[Week Of])))
Name chart_BV: INDEX(WeeklyLog[Burnsville Total],1):INDEX(WeeklyLog[Burnsville Total],MAX(1,COUNT(WeeklyLog[Week Of])))
Name chart_LV: INDEX(WeeklyLog[Lakeville Total],1):INDEX(WeeklyLog[Lakeville Total],MAX(1,COUNT(WeeklyLog[Week Of])))
Name chart_CO: INDEX(WeeklyLog[Combined Total],1):INDEX(WeeklyLog[Combined Total],MAX(1,COUNT(WeeklyLog[Week Of])))
Name last_BV: IF(Sheet1!chart_Week=MAX(Sheet1!chart_Week),Sheet1!chart_BV,NA())
Name last_LV: IF(Sheet1!chart_Week=MAX(Sheet1!chart_Week),Sheet1!chart_LV,NA())
Name last_CO: IF(Sheet1!chart_Week=MAX(Sheet1!chart_Week),Sheet1!chart_CO,NA())

Sheet Sheet1
A1: OPEN WORK ORDERS – WEEKLY HISTORY
A2: Updates by itself from the Totals page: each dated block there (every 3 columns: A, D, G, J, M ...) is one week.
A21: Week Of | B21: Burnsville Repair Tickets | C21: Burnsville PMs | D21: Burnsville Total | E21: Lakeville Repair Tickets | F21: Lakeville PMs | G21: Lakeville Total | H21: Combined Total | I21: Change vs Last Week
A22: =IFERROR(INDEX(Totals!$1:$1,_xlfn.AGGREGATE(15,6,COLUMN(Totals!$A$1:$ZZ$1)/((MOD(COLUMN(Totals!$A$1:$ZZ$1)-2,3)=0)*ISNUMBER(Totals!$A$1:$ZZ$1)),(ROW()-ROW(WeeklyLog[[#Headers],[Week Of]])))),"") -> 46280 | B22: =IFERROR(INDEX(Totals!$4:$4,_xlfn.AGGREGATE(15,6,COLUMN(Totals!$A$1:$ZZ$1)/((MOD(COLUMN(Totals!$A$1:$ZZ$1)-2,3)=0)*ISNUMBER(Totals!$A$1:$ZZ$1)),(ROW()-ROW(WeeklyLog[[#Headers],[Week Of]])))-1),"") -> 11 | C22: =IFERROR(INDEX(Totals!$5:$5,_xlfn.AGGREGATE(15,6,COLUMN(Totals!$A$1:$ZZ$1)/((MOD(COLUMN(Totals!$A$1:$ZZ$1)-2,3)=0)*ISNUMBER(Totals!$A$1:$ZZ$1)),(ROW()-ROW(WeeklyLog[[#Headers],[Week Of]])))-1),"") -> 3 | D22: =IF(WeeklyLog[[#This Row],[Week Of]]="","",WeeklyLog[[#This Row],[Burnsville Repair Tickets]]+WeeklyLog[[#This Row],[Burnsville PMs]]) -> 14 | E22: =IFERROR(INDEX(Totals!$9:$9,_xlfn.AGGREGATE(15,6,COLUMN(Totals!$A$1:$ZZ$1)/((MOD(COLUMN(Totals!$A$1:$ZZ$1)-2,3)=0)*ISNUMBER(Totals!$A$1:$ZZ$1)),(ROW()-ROW(WeeklyLog[[#Headers],[Week Of]])))-1),"") -> 32 | F22: =IFERROR(INDEX(Totals!$10:$10,_xlfn.AGGREGATE(15,6,COLUMN(Totals!$A$1:$ZZ$1)/((MOD(COLUMN(Totals!$A$1:$ZZ$1)-2,3)=0)*ISNUMBER(Totals!$A$1:$ZZ$1)),(ROW()-ROW(WeeklyLog[[#Headers],[Week Of]])))-1),"") -> 173 | G22: =IF(WeeklyLog[[#This Row],[Week Of]]="","",WeeklyLog[[#This Row],[Lakeville Repair Tickets]]+WeeklyLog[[#This Row],[Lakeville PMs]]) -> 205 | H22: =IF(WeeklyLog[[#This Row],[Week Of]]="","",WeeklyLog[[#This Row],[Burnsville Total]]+WeeklyLog[[#This Row],[Lakeville Total]]) -> 219 | I22: =IFERROR(WeeklyLog[[#This Row],[Combined Total]]-OFFSET(WeeklyLog[[#This Row],[Combined Total]],-1,0),"")
A23: =IFERROR(INDEX(Totals!$1:$1,_xlfn.AGGREGATE(15,6,COLUMN(Totals!$A$1:$ZZ$1)/((MOD(COLUMN(Totals!$A$1:$ZZ$1)-2,3)=0)*ISNUMBER(Totals!$A$1:$ZZ$1)),(ROW()-ROW(WeeklyLog[[#Headers],[Week Of]])))),"") -> 46286 | B23: =IFERROR(INDEX(Totals!$4:$4,_xlfn.AGGREGATE(15,6,COLUMN(Totals!$A$1:$ZZ$1)/((MOD(COLUMN(Totals!$A$1:$ZZ$1)-2,3)=0)*ISNUMBER(Totals!$A$1:$ZZ$1)),(ROW()-ROW(WeeklyLog[[#Headers],[Week Of]])))-1),"") -> 7 | C23: =IFERROR(INDEX(Totals!$5:$5,_xlfn.AGGREGATE(15,6,COLUMN(Totals!$A$1:$ZZ$1)/((MOD(COLUMN(Totals!$A$1:$ZZ$1)-2,3)=0)*ISNUMBER(Totals!$A$1:$ZZ$1)),(ROW()-ROW(WeeklyLog[[#Headers],[Week Of]])))-1),"") -> 6 | D23: =IF(WeeklyLog[[#This Row],[Week Of]]="","",WeeklyLog[[#This Row],[Burnsville Repair Tickets]]+WeeklyLog[[#This Row],[Burnsville PMs]]) -> 13 | E23: =IFERROR(INDEX(Totals!$9:$9,_xlfn.AGGREGATE(15,6,COLUMN(Totals!$A$1:$ZZ$1)/((MOD(COLUMN(Totals!$A$1:$ZZ$1)-2,3)=0)*ISNUMBER(Totals!$A$1:$ZZ$1)),(ROW()-ROW(WeeklyLog[[#Headers],[Week Of]])))-1),"") -> 38 | F23: =IFERROR(INDEX(Totals!$10:$10,_xlfn.AGGREGATE(15,6,COLUMN(Totals!$A$1:$ZZ$1)/((MOD(COLUMN(Totals!$A$1:$ZZ$1)-2,3)=0)*ISNUMBER(Totals!$A$1:$ZZ$1)),(ROW()-ROW(WeeklyLog[[#Headers],[Week Of]])))-1),"") -> 241 | G23: =IF(WeeklyLog[[#This Row],[Week Of]]="","",WeeklyLog[[#This Row],[Lakeville Repair Tickets]]+WeeklyLog[[#This Row],[Lakeville PMs]]) -> 279 | H23: =IF(WeeklyLog[[#This Row],[Week Of]]="","",WeeklyLog[[#This Row],[Burnsville Total]]+WeeklyLog[[#This Row],[Lakeville Total]]) -> 292 | I23: =IFERROR(WeeklyLog[[#This Row],[Combined Total]]-OFFSET(WeeklyLog[[#This Row],[Combined Total]],-1,0),"") -> 73
A24: =IFERROR(INDEX(Totals!$1:$1,_xlfn.AGGREGATE(15,6,COLUMN(Totals!$A$1:$ZZ$1)/((MOD(COLUMN(Totals!$A$1:$ZZ$1)-2,3)=0)*ISNUMBER(Totals!$A$1:$ZZ$1)),(ROW()-ROW(WeeklyLog[[#Headers],[Week Of]])))),"") | B24: =IFERROR(INDEX(Totals!$4:$4,_xlfn.AGGREGATE(15,6,COLUMN(Totals!$A$1:$ZZ$1)/((MOD(COLUMN(Totals!$A$1:$ZZ$1)-2,3)=0)*ISNUMBER(Totals!$A$1:$ZZ$1)),(ROW()-ROW(WeeklyLog[[#Headers],[Week Of]])))-1),"") | C24: =IFERROR(INDEX(Totals!$5:$5,_xlfn.AGGREGATE(15,6,COLUMN(Totals!$A$1:$ZZ$1)/((MOD(COLUMN(Totals!$A$1:$ZZ$1)-2,3)=0)*ISNUMBER(Totals!$A$1:$ZZ$1)),(ROW()-ROW(WeeklyLog[[#Headers],[Week Of]])))-1),"") | D24: =IF(WeeklyLog[[#This Row],[Week Of]]="","",WeeklyLog[[#This Row],[Burnsville Repair Tickets]]+WeeklyLog[[#This Row],[Burnsville PMs]]) | E24: =IFERROR(INDEX(Totals!$9:$9,_xlfn.AGGREGATE(15,6,COLUMN(Totals!$A$1:$ZZ$1)/((MOD(COLUMN(Totals!$A$1:$ZZ$1)-2,3)=0)*ISNUMBER(Totals!$A$1:$ZZ$1)),(ROW()-ROW(WeeklyLog[[#Headers],[Week Of]])))-1),"") | F24: =IFERROR(INDEX(Totals!$10:$10,_xlfn.AGGREGATE(15,6,COLUMN(Totals!$A$1:$ZZ$1)/((MOD(COLUMN(Totals!$A$1:$ZZ$1)-2,3)=0)*ISNUMBER(Totals!$A$1:$ZZ$1)),(ROW()-ROW(WeeklyLog[[#Headers],[Week Of]])))-1),"") | G24: =IF(WeeklyLog[[#This Row],[Week Of]]="","",WeeklyLog[[#This Row],[Lakeville Repair Tickets]]+WeeklyLog[[#This Row],[Lakeville PMs]]) | H24: =IF(WeeklyLog[[#This Row],[Week Of]]="","",WeeklyLog[[#This Row],[Burnsville Total]]+WeeklyLog[[#This Row],[Lakeville Total]]) | I24: =IFERROR(WeeklyLog[[#This Row],[Combined Total]]-OFFSET(WeeklyLog[[#This Row],[Combined Total]],-1,0),"")
A25: =IFERROR(INDEX(Totals!$1:$1,_xlfn.AGGREGATE(15,6,COLUMN(Totals!$A$1:$ZZ$1)/((MOD(COLUMN(Totals!$A$1:$ZZ$1)-2,3)=0)*ISNUMBER(Totals!$A$1:$ZZ$1)),(ROW()-ROW(WeeklyLog[[#Headers],[Week Of]])))),"") | B25: =IFERROR(INDEX(Totals!$4:$4,_xlfn.AGGREGATE(15,6,COLUMN(Totals!$A$1:$ZZ$1)/((MOD(COLUMN(Totals!$A$1:$ZZ$1)-2,3)=0)*ISNUMBER(Totals!$A$1:$ZZ$1)),(ROW()-ROW(WeeklyLog[[#Headers],[Week Of]])))-1),"") | C25: =IFERROR(INDEX(Totals!$5:$5,_xlfn.AGGREGATE(15,6,COLUMN(Totals!$A$1:$ZZ$1)/((MOD(COLUMN(Totals!$A$1:$ZZ$1)-2,3)=0)*ISNUMBER(Totals!$A$1:$ZZ$1)),(ROW()-ROW(WeeklyLog[[#Headers],[Week Of]])))-1),"") | D25: =IF(WeeklyLog[[#This Row],[Week Of]]="","",WeeklyLog[[#This Row],[Burnsville Repair Tickets]]+WeeklyLog[[#This Row],[Burnsville PMs]]) | E25: =IFERROR(INDEX(Totals!$9:$9,_xlfn.AGGREGATE(15,6,COLUMN(Totals!$A$1:$ZZ$1)/((MOD(COLUMN(Totals!$A$1:$ZZ$1)-2,3)=0)*ISNUMBER(Totals!$A$1:$ZZ$1)),(ROW()-ROW(WeeklyLog[[#Headers],[Week Of]])))-1),"") | F25: =IFERROR(INDEX(Totals!$10:$10,_xlfn.AGGREGATE(15,6,COLUMN(Totals!$A$1:$ZZ$1)/((MOD(COLUMN(Totals!$A$1:$ZZ$1)-2,3)=0)*ISNUMBER(Totals!$A$1:$ZZ$1)),(ROW()-ROW(WeeklyLog[[#Headers],[Week Of]])))-1),"") | G25: =IF(WeeklyLog[[#This Row],[Week Of]]="","",WeeklyLog[[#This Row],[Lakeville Repair Tickets]]+WeeklyLog[[#This Row],[Lakeville PMs]]) | H25: =IF(WeeklyLog[[#This Row],[Week Of]]="","",WeeklyLog[[#This Row],[Burnsville Total]]+WeeklyLog[[#This Row],[Lakeville Total]]) | I25: =IFERROR(WeeklyLog[[#This Row],[Combined Total]]-OFFSET(WeeklyLog[[#This Row],[Combined Total]],-1,0),"")
A26: =IFERROR(INDEX(Totals!$1:$1,_xlfn.AGGREGATE(15,6,COLUMN(Totals!$A$1:$ZZ$1)/((MOD(COLUMN(Totals!$A$1:$ZZ$1)-2,3)=0)*ISNUMBER(Totals!$A$1:$ZZ$1)),(ROW()-ROW(WeeklyLog[[#Headers],[Week Of]])))),"") | B26: =IFERROR(INDEX(Totals!$4:$4,_xlfn.AGGREGATE(15,6,COLUMN(Totals!$A$1:$ZZ$1)/((MOD(COLUMN(Totals!$A$1:$ZZ$1)-2,3)=0)*ISNUMBER(Totals!$A$1:$ZZ$1)),(ROW()-ROW(WeeklyLog[[#Headers],[Week Of]])))-1),"") | C26: =IFERROR(INDEX(Totals!$5:$5,_xlfn.AGGREGATE(15,6,COLUMN(Totals!$A$1:$ZZ$1)/((MOD(COLUMN(Totals!$A$1:$ZZ$1)-2,3)=0)*ISNUMBER(Totals!$A$1:$ZZ$1)),(ROW()-ROW(WeeklyLog[[#Headers],[Week Of]])))-1),"") | D26: =IF(WeeklyLog[[#This Row],[Week Of]]="","",WeeklyLog[[#This Row],[Burnsville Repair Tickets]]+WeeklyLog[[#This Row],[Burnsville PMs]]) | E26: =IFERROR(INDEX(Totals!$9:$9,_xlfn.AGGREGATE(15,6,COLUMN(Totals!$A$1:$ZZ$1)/((MOD(COLUMN(Totals!$A$1:$ZZ$1)-2,3)=0)*ISNUMBER(Totals!$A$1:$ZZ$1)),(ROW()-ROW(WeeklyLog[[#Headers],[Week Of]])))-1),"") | F26: =IFERROR(INDEX(Totals!$10:$10,_xlfn.AGGREGATE(15,6,COLUMN(Totals!$A$1:$ZZ$1)/((MOD(COLUMN(Totals!$A$1:$ZZ$1)-2,3)=0)*ISNUMBER(Totals!$A$1:$ZZ$1)),(ROW()-ROW(WeeklyLog[[#Headers],[Week Of]])))-1),"") | G26: =IF(WeeklyLog[[#This Row],[Week Of]]="","",WeeklyLog[[#This Row],[Lakeville Repair Tickets]]+WeeklyLog[[#This Row],[Lakeville PMs]]) | H26: =IF(WeeklyLog[[#This Row],[Week Of]]="","",WeeklyLog[[#This Row],[Burnsville Total]]+WeeklyLog[[#This Row],[Lakeville Total]]) | I26: =IFERROR(WeeklyLog[[#This Row],[Combined Total]]-OFFSET(WeeklyLog[[#This Row],[Combined Total]],-1,0),"")
A27: =IFERROR(INDEX(Totals!$1:$1,_xlfn.AGGREGATE(15,6,COLUMN(Totals!$A$1:$ZZ$1)/((MOD(COLUMN(Totals!$A$1:$ZZ$1)-2,3)=0)*ISNUMBER(Totals!$A$1:$ZZ$1)),(ROW()-ROW(WeeklyLog[[#Headers],[Week Of]])))),"") | B27: =IFERROR(INDEX(Totals!$4:$4,_xlfn.AGGREGATE(15,6,COLUMN(Totals!$A$1:$ZZ$1)/((MOD(COLUMN(Totals!$A$1:$ZZ$1)-2,3)=0)*ISNUMBER(Totals!$A$1:$ZZ$1)),(ROW()-ROW(WeeklyLog[[#Headers],[Week Of]])))-1),"") | C27: =IFERROR(INDEX(Totals!$5:$5,_xlfn.AGGREGATE(15,6,COLUMN(Totals!$A$1:$ZZ$1)/((MOD(COLUMN(Totals!$A$1:$ZZ$1)-2,3)=0)*ISNUMBER(Totals!$A$1:$ZZ$1)),(ROW()-ROW(WeeklyLog[[#Headers],[Week Of]])))-1),"") | D27: =IF(WeeklyLog[[#This Row],[Week Of]]="","",WeeklyLog[[#This Row],[Burnsville Repair Tickets]]+WeeklyLog[[#This Row],[Burnsville PMs]]) | E27: =IFERROR(INDEX(Totals!$9:$9,_xlfn.AGGREGATE(15,6,COLUMN(Totals!$A$1:$ZZ$1)/((MOD(COLUMN(Totals!$A$1:$ZZ$1)-2,3)=0)*ISNUMBER(Totals!$A$1:$ZZ$1)),(ROW()-ROW(WeeklyLog[[#Headers],[Week Of]])))-1),"") | F27: =IFERROR(INDEX(Totals!$10:$10,_xlfn.AGGREGATE(15,6,COLUMN(Totals!$A$1:$ZZ$1)/((MOD(COLUMN(Totals!$A$1:$ZZ$1)-2,3)=0)*ISNUMBER(Totals!$A$1:$ZZ$1)),(ROW()-ROW(WeeklyLog[[#Headers],[Week Of]])))-1),"") | G27: =IF(WeeklyLog[[#This Row],[Week Of]]="","",WeeklyLog[[#This Row],[Lakeville Repair Tickets]]+WeeklyLog[[#This Row],[Lakeville PMs]]) | H27: =IF(WeeklyLog[[#This Row],[Week Of]]="","",WeeklyLog[[#This Row],[Burnsville Total]]+WeeklyLog[[#This Row],[Lakeville Total]]) | I27: =IFERROR(WeeklyLog[[#This Row],[Combined Total]]-OFFSET(WeeklyLog[[#This Row],[Combined Total]],-1,0),"")
A28: =IFERROR(INDEX(Totals!$1:$1,_xlfn.AGGREGATE(15,6,COLUMN(Totals!$A$1:$ZZ$1)/((MOD(COLUMN(Totals!$A$1:$ZZ$1)-2,3)=0)*ISNUMBER(Totals!$A$1:$ZZ$1)),(ROW()-ROW(WeeklyLog[[#Headers],[Week Of]])))),"") | B28: =IFERROR(INDEX(Totals!$4:$4,_xlfn.AGGREGATE(15,6,COLUMN(Totals!$A$1:$ZZ$1)/((MOD(COLUMN(Totals!$A$1:$ZZ$1)-2,3)=0)*ISNUMBER(Totals!$A$1:$ZZ$1)),(ROW()-ROW(WeeklyLog[[#Headers],[Week Of]])))-1),"") | C28: =IFERROR(INDEX(Totals!$5:$5,_xlfn.AGGREGATE(15,6,COLUMN(Totals!$A$1:$ZZ$1)/((MOD(COLUMN(Totals!$A$1:$ZZ$1)-2,3)=0)*ISNUMBER(Totals!$A$1:$ZZ$1)),(ROW()-ROW(WeeklyLog[[#Headers],[Week Of]])))-1),"") | D28: =IF(WeeklyLog[[#This Row],[Week Of]]="","",WeeklyLog[[#This Row],[Burnsville Repair Tickets]]+WeeklyLog[[#This Row],[Burnsville PMs]]) | E28: =IFERROR(INDEX(Totals!$9:$9,_xlfn.AGGREGATE(15,6,COLUMN(Totals!$A$1:$ZZ$1)/((MOD(COLUMN(Totals!$A$1:$ZZ$1)-2,3)=0)*ISNUMBER(Totals!$A$1:$ZZ$1)),(ROW()-ROW(WeeklyLog[[#Headers],[Week Of]])))-1),"") | F28: =IFERROR(INDEX(Totals!$10:$10,_xlfn.AGGREGATE(15,6,COLUMN(Totals!$A$1:$ZZ$1)/((MOD(COLUMN(Totals!$A$1:$ZZ$1)-2,3)=0)*ISNUMBER(Totals!$A$1:$ZZ$1)),(ROW()-ROW(WeeklyLog[[#Headers],[Week Of]])))-1),"") | G28: =IF(WeeklyLog[[#This Row],[Week Of]]="","",WeeklyLog[[#This Row],[Lakeville Repair Tickets]]+WeeklyLog[[#This Row],[Lakeville PMs]]) | H28: =IF(WeeklyLog[[#This Row],[Week Of]]="","",WeeklyLog[[#This Row],[Burnsville Total]]+WeeklyLog[[#This Row],[Lakeville Total]]) | I28: =IFERROR(WeeklyLog[[#This Row],[Combined Total]]-OFFSET(WeeklyLog[[#This Row],[Combined Total]],-1,0),"")
A29: =IFERROR(INDEX(Totals!$1:$1,_xlfn.AGGREGATE(15,6,COLUMN(Totals!$A$1:$ZZ$1)/((MOD(COLUMN(Totals!$A$1:$ZZ$1)-2,3)=0)*ISNUMBER(Totals!$A$1:$ZZ$1)),(ROW()-ROW(WeeklyLog[[#Headers],[Week Of]])))),"") | B29: =IFERROR(INDEX(Totals!$4:$4,_xlfn.AGGREGATE(15,6,COLUMN(Totals!$A$1:$ZZ$1)/((MOD(COLUMN(Totals!$A$1:$ZZ$1)-2,3)=0)*ISNUMBER(Totals!$A$1:$ZZ$1)),(ROW()-ROW(WeeklyLog[[#Headers],[Week Of]])))-1),"") | C29: =IFERROR(INDEX(Totals!$5:$5,_xlfn.AGGREGATE(15,6,COLUMN(Totals!$A$1:$ZZ$1)/((MOD(COLUMN(Totals!$A$1:$ZZ$1)-2,3)=0)*ISNUMBER(Totals!$A$1:$ZZ$1)),(ROW()-ROW(WeeklyLog[[#Headers],[Week Of]])))-1),"") | D29: =IF(WeeklyLog[[#This Row],[Week Of]]="","",WeeklyLog[[#This Row],[Burnsville Repair Tickets]]+WeeklyLog[[#This Row],[Burnsville PMs]]) | E29: =IFERROR(INDEX(Totals!$9:$9,_xlfn.AGGREGATE(15,6,COLUMN(Totals!$A$1:$ZZ$1)/((MOD(COLUMN(Totals!$A$1:$ZZ$1)-2,3)=0)*ISNUMBER(Totals!$A$1:$ZZ$1)),(ROW()-ROW(WeeklyLog[[#Headers],[Week Of]])))-1),"") | F29: =IFERROR(INDEX(Totals!$10:$10,_xlfn.AGGREGATE(15,6,COLUMN(Totals!$A$1:$ZZ$1)/((MOD(COLUMN(Totals!$A$1:$ZZ$1)-2,3)=0)*ISNUMBER(Totals!$A$1:$ZZ$1)),(ROW()-ROW(WeeklyLog[[#Headers],[Week Of]])))-1),"") | G29: =IF(WeeklyLog[[#This Row],[Week Of]]="","",WeeklyLog[[#This Row],[Lakeville Repair Tickets]]+WeeklyLog[[#This Row],[Lakeville PMs]]) | H29: =IF(WeeklyLog[[#This Row],[Week Of]]="","",WeeklyLog[[#This Row],[Burnsville Total]]+WeeklyLog[[#This Row],[Lakeville Total]]) | I29: =IFERROR(WeeklyLog[[#This Row],[Combined Total]]-OFFSET(WeeklyLog[[#This Row],[Combined Total]],-1,0),"")
A30: =IFERROR(INDEX(Totals!$1:$1,_xlfn.AGGREGATE(15,6,COLUMN(Totals!$A$1:$ZZ$1)/((MOD(COLUMN(Totals!$A$1:$ZZ$1)-2,3)=0)*ISNUMBER(Totals!$A$1:$ZZ$1)),(ROW()-ROW(WeeklyLog[[#Headers],[Week Of]])))),"") | B30: =IFERROR(INDEX(Totals!$4:$4,_xlfn.AGGREGATE(15,6,COLUMN(Totals!$A$1:$ZZ$1)/((MOD(COLUMN(Totals!$A$1:$ZZ$1)-2,3)=0)*ISNUMBER(Totals!$A$1:$ZZ$1)),(ROW()-ROW(WeeklyLog[[#Headers],[Week Of]])))-1),"") | C30: =IFERROR(INDEX(Totals!$5:$5,_xlfn.AGGREGATE(15,6,COLUMN(Totals!$A$1:$ZZ$1)/((MOD(COLUMN(Totals!$A$1:$ZZ$1)-2,3)=0)*ISNUMBER(Totals!$A$1:$ZZ$1)),(ROW()-ROW(WeeklyLog[[#Headers],[Week Of]])))-1),"") | D30: =IF(WeeklyLog[[#This Row],[Week Of]]="","",WeeklyLog[[#This Row],[Burnsville Repair Tickets]]+WeeklyLog[[#This Row],[Burnsville PMs]]) | E30: =IFERROR(INDEX(Totals!$9:$9,_xlfn.AGGREGATE(15,6,COLUMN(Totals!$A$1:$ZZ$1)/((MOD(COLUMN(Totals!$A$1:$ZZ$1)-2,3)=0)*ISNUMBER(Totals!$A$1:$ZZ$1)),(ROW()-ROW(WeeklyLog[[#Headers],[Week Of]])))-1),"") | F30: =IFERROR(INDEX(Totals!$10:$10,_xlfn.AGGREGATE(15,6,COLUMN(Totals!$A$1:$ZZ$1)/((MOD(COLUMN(Totals!$A$1:$ZZ$1)-2,3)=0)*ISNUMBER(Totals!$A$1:$ZZ$1)),(ROW()-ROW(WeeklyLog[[#Headers],[Week Of]])))-1),"") | G30: =IF(WeeklyLog[[#This Row],[Week Of]]="","",WeeklyLog[[#This Row],[Lakeville Repair Tickets]]+WeeklyLog[[#This Row],[Lakeville PMs]]) | H30: =IF(WeeklyLog[[#This Row],[Week Of]]="","",WeeklyLog[[#This Row],[Burnsville Total]]+WeeklyLog[[#This Row],[Lakeville Total]]) | I30: =IFERROR(WeeklyLog[[#This Row],[Combined Total]]-OFFSET(WeeklyLog[[#This Row],[Combined Total]],-1,0),"")
A31: =IFERROR(INDEX(Totals!$1:$1,_xlfn.AGGREGATE(15,6,COLUMN(Totals!$A$1:$ZZ$1)/((MOD(COLUMN(Totals!$A$1:$ZZ$1)-2,3)=0)*ISNUMBER(Totals!$A$1:$ZZ$1)),(ROW()-ROW(WeeklyLog[[#Headers],[Week Of]])))),"") | B31: =IFERROR(INDEX(Totals!$4:$4,_xlfn.AGGREGATE(15,6,COLUMN(Totals!$A$1:$ZZ$1)/((MOD(COLUMN(Totals!$A$1:$ZZ$1)-2,3)=0)*ISNUMBER(Totals!$A$1:$ZZ$1)),(ROW()-ROW(WeeklyLog[[#Headers],[Week Of]])))-1),"") | C31: =IFERROR(INDEX(Totals!$5:$5,_xlfn.AGGREGATE(15,6,COLUMN(Totals!$A$1:$ZZ$1)/((MOD(COLUMN(Totals!$A$1:$ZZ$1)-2,3)=0)*ISNUMBER(Totals!$A$1:$ZZ$1)),(ROW()-ROW(WeeklyLog[[#Headers],[Week Of]])))-1),"") | D31: =IF(WeeklyLog[[#This Row],[Week Of]]="","",WeeklyLog[[#This Row],[Burnsville Repair Tickets]]+WeeklyLog[[#This Row],[Burnsville PMs]]) | E31: =IFERROR(INDEX(Totals!$9:$9,_xlfn.AGGREGATE(15,6,COLUMN(Totals!$A$1:$ZZ$1)/((MOD(COLUMN(Totals!$A$1:$ZZ$1)-2,3)=0)*ISNUMBER(Totals!$A$1:$ZZ$1)),(ROW()-ROW(WeeklyLog[[#Headers],[Week Of]])))-1),"") | F31: =IFERROR(INDEX(Totals!$10:$10,_xlfn.AGGREGATE(15,6,COLUMN(Totals!$A$1:$ZZ$1)/((MOD(COLUMN(Totals!$A$1:$ZZ$1)-2,3)=0)*ISNUMBER(Totals!$A$1:$ZZ$1)),(ROW()-ROW(WeeklyLog[[#Headers],[Week Of]])))-1),"") | G31: =IF(WeeklyLog[[#This Row],[Week Of]]="","",WeeklyLog[[#This Row],[Lakeville Repair Tickets]]+WeeklyLog[[#This Row],[Lakeville PMs]]) | H31: =IF(WeeklyLog[[#This Row],[Week Of]]="","",WeeklyLog[[#This Row],[Burnsville Total]]+WeeklyLog[[#This Row],[Lakeville Total]]) | I31: =IFERROR(WeeklyLog[[#This Row],[Combined Total]]-OFFSET(WeeklyLog[[#This Row],[Combined Total]],-1,0),"")
A32: =IFERROR(INDEX(Totals!$1:$1,_xlfn.AGGREGATE(15,6,COLUMN(Totals!$A$1:$ZZ$1)/((MOD(COLUMN(Totals!$A$1:$ZZ$1)-2,3)=0)*ISNUMBER(Totals!$A$1:$ZZ$1)),(ROW()-ROW(WeeklyLog[[#Headers],[Week Of]])))),"") | B32: =IFERROR(INDEX(Totals!$4:$4,_xlfn.AGGREGATE(15,6,COLUMN(Totals!$A$1:$ZZ$1)/((MOD(COLUMN(Totals!$A$1:$ZZ$1)-2,3)=0)*ISNUMBER(Totals!$A$1:$ZZ$1)),(ROW()-ROW(WeeklyLog[[#Headers],[Week Of]])))-1),"") | C32: =IFERROR(INDEX(Totals!$5:$5,_xlfn.AGGREGATE(15,6,COLUMN(Totals!$A$1:$ZZ$1)/((MOD(COLUMN(Totals!$A$1:$ZZ$1)-2,3)=0)*ISNUMBER(Totals!$A$1:$ZZ$1)),(ROW()-ROW(WeeklyLog[[#Headers],[Week Of]])))-1),"") | D32: =IF(WeeklyLog[[#This Row],[Week Of]]="","",WeeklyLog[[#This Row],[Burnsville Repair Tickets]]+WeeklyLog[[#This Row],[Burnsville PMs]]) | E32: =IFERROR(INDEX(Totals!$9:$9,_xlfn.AGGREGATE(15,6,COLUMN(Totals!$A$1:$ZZ$1)/((MOD(COLUMN(Totals!$A$1:$ZZ$1)-2,3)=0)*ISNUMBER(Totals!$A$1:$ZZ$1)),(ROW()-ROW(WeeklyLog[[#Headers],[Week Of]])))-1),"") | F32: =IFERROR(INDEX(Totals!$10:$10,_xlfn.AGGREGATE(15,6,COLUMN(Totals!$A$1:$ZZ$1)/((MOD(COLUMN(Totals!$A$1:$ZZ$1)-2,3)=0)*ISNUMBER(Totals!$A$1:$ZZ$1)),(ROW()-ROW(WeeklyLog[[#Headers],[Week Of]])))-1),"") | G32: =IF(WeeklyLog[[#This Row],[Week Of]]="","",WeeklyLog[[#This Row],[Lakeville Repair Tickets]]+WeeklyLog[[#This Row],[Lakeville PMs]]) | H32: =IF(WeeklyLog[[#This Row],[Week Of]]="","",WeeklyLog[[#This Row],[Burnsville Total]]+WeeklyLog[[#This Row],[Lakeville Total]]) | I32: =IFERROR(WeeklyLog[[#This Row],[Combined Total]]-OFFSET(WeeklyLog[[#This Row],[Combined Total]],-1,0),"")
A33: =IFERROR(INDEX(Totals!$1:$1,_xlfn.AGGREGATE(15,6,COLUMN(Totals!$A$1:$ZZ$1)/((MOD(COLUMN(Totals!$A$1:$ZZ$1)-2,3)=0)*ISNUMBER(Totals!$A$1:$ZZ$1)),(ROW()-ROW(WeeklyLog[[#Headers],[Week Of]])))),"") | B33: =IFERROR(INDEX(Totals!$4:$4,_xlfn.AGGREGATE(15,6,COLUMN(Totals!$A$1:$ZZ$1)/((MOD(COLUMN(Totals!$A$1:$ZZ$1)-2,3)=0)*ISNUMBER(Totals!$A$1:$ZZ$1)),(ROW()-ROW(WeeklyLog[[#Headers],[Week Of]])))-1),"") | C33: =IFERROR(INDEX(Totals!$5:$5,_xlfn.AGGREGATE(15,6,COLUMN(Totals!$A$1:$ZZ$1)/((MOD(COLUMN(Totals!$A$1:$ZZ$1)-2,3)=0)*ISNUMBER(Totals!$A$1:$ZZ$1)),(ROW()-ROW(WeeklyLog[[#Headers],[Week Of]])))-1),"") | D33: =IF(WeeklyLog[[#This Row],[Week Of]]="","",WeeklyLog[[#This Row],[Burnsville Repair Tickets]]+WeeklyLog[[#This Row],[Burnsville PMs]]) | E33: =IFERROR(INDEX(Totals!$9:$9,_xlfn.AGGREGATE(15,6,COLUMN(Totals!$A$1:$ZZ$1)/((MOD(COLUMN(Totals!$A$1:$ZZ$1)-2,3)=0)*ISNUMBER(Totals!$A$1:$ZZ$1)),(ROW()-ROW(WeeklyLog[[#Headers],[Week Of]])))-1),"") | F33: =IFERROR(INDEX(Totals!$10:$10,_xlfn.AGGREGATE(15,6,COLUMN(Totals!$A$1:$ZZ$1)/((MOD(COLUMN(Totals!$A$1:$ZZ$1)-2,3)=0)*ISNUMBER(Totals!$A$1:$ZZ$1)),(ROW()-ROW(WeeklyLog[[#Headers],[Week Of]])))-1),"") | G33: =IF(WeeklyLog[[#This Row],[Week Of]]="","",WeeklyLog[[#This Row],[Lakeville Repair Tickets]]+WeeklyLog[[#This Row],[Lakeville PMs]]) | H33: =IF(WeeklyLog[[#This Row],[Week Of]]="","",WeeklyLog[[#This Row],[Burnsville Total]]+WeeklyLog[[#This Row],[Lakeville Total]]) | I33: =IFERROR(WeeklyLog[[#This Row],[Combined Total]]-OFFSET(WeeklyLog[[#This Row],[Combined Total]],-1,0),"")
... A47: =IFERROR(INDEX(Totals!$1:$1,_xlfn.AGGREGATE(15,6,COLUMN(Totals!$A$1:$ZZ$1)/((MOD(COLUMN(Totals!$A$1:$ZZ$1)-2,3)=0)*ISNUMBER(Totals!$A$1:$ZZ$1)),(ROW()-ROW(WeeklyLog[[#Headers],[Week Of]])))),"") | B47: =IFERROR(INDEX(Totals!$4:$4,_xlfn.AGGREGATE(15,6,COLUMN(Totals!$A$1:$ZZ$1)/((MOD(COLUMN(Totals!$A$1:$ZZ$1)-2,3)=0)*ISNUMBER(Totals!$A$1:$ZZ$1)),(ROW()-ROW(WeeklyLog[[#Headers],[Week Of]])))-1),"") | C47: =IFERROR(INDEX(Totals!$5:$5,_xlfn.AGGREGATE(15,6,COLUMN(Totals!$A$1:$ZZ$1)/((MOD(COLUMN(Totals!$A$1:$ZZ$1)-2,3)=0)*ISNUMBER(Totals!$A$1:$ZZ$1)),(ROW()-ROW(WeeklyLog[[#Headers],[Week Of]])))-1),"") | D47: =IF(WeeklyLog[[#This Row],[Week Of]]="","",WeeklyLog[[#This Row],[Burnsville Repair Tickets]]+WeeklyLog[[#This Row],[Burnsville PMs]]) | E47: =IFERROR(INDEX(Totals!$9:$9,_xlfn.AGGREGATE(15,6,COLUMN(Totals!$A$1:$ZZ$1)/((MOD(COLUMN(Totals!$A$1:$ZZ$1)-2,3)=0)*ISNUMBER(Totals!$A$1:$ZZ$1)),(ROW()-ROW(WeeklyLog[[#Headers],[Week Of]])))-1),"") | F47: =IFERROR(INDEX(Totals!$10:$10,_xlfn.AGGREGATE(15,6,COLUMN(Totals!$A$1:$ZZ$1)/((MOD(COLUMN(Totals!$A$1:$ZZ$1)-2,3)=0)*ISNUMBER(Totals!$A$1:$ZZ$1)),(ROW()-ROW(WeeklyLog[[#Headers],[Week Of]])))-1),"") | G47: =IF(WeeklyLog[[#This Row],[Week Of]]="","",WeeklyLog[[#This Row],[Lakeville Repair Tickets]]+WeeklyLog[[#This Row],[Lakeville PMs]]) | H47: =IF(WeeklyLog[[#This Row],[Week Of]]="","",WeeklyLog[[#This Row],[Burnsville Total]]+WeeklyLog[[#This Row],[Lakeville Total]]) | I47: =IFERROR(WeeklyLog[[#This Row],[Combined Total]]-OFFSET(WeeklyLog[[#This Row],[Combined Total]],-1,0),"")

Sheet Totals
A1: DATE | B1: 46280 | D1: DATE | E1: 46286 | G1: DATE | J1: DATE
A3: BURNSVILLE | D3: BURNSVILLE | G3: BURNSVILLE | J3: BURNSVILLE
A4: 11 | B4: OPEN REPAIR TICKETS | D4: 7 | E4: OPEN REPAIR TICKETS | H4: OPEN REPAIR TICKETS | K4: OPEN REPAIR TICKETS
A5: 3 | B5: OPEN PMS | D5: 6 | E5: OPEN PMS | H5: OPEN PMS | K5: OPEN PMS
A6: =SUM(A4+A5) -> 14 | B6: TOTAL | D6: =SUM(D4+D5) -> 13 | E6: TOTAL | G6: =SUM(G4+G5) -> 0 | H6: TOTAL | J6: =SUM(J4+J5) -> 0 | K6: TOTAL
A8: LAKEVILLE | D8: LAKEVILLE | G8: LAKEVILLE | J8: LAKEVILLE
A9: 32 | B9: OPEN REPAIR TICKETS | D9: 38 | E9: OPEN REPAIR TICKETS | H9: OPEN REPAIR TICKETS | K9: OPEN REPAIR TICKETS
A10: 173 | B10: OPEN PMS | D10: 241 | E10: OPEN PMS | H10: OPEN PMS | K10: OPEN PMS
A11: =SUM(A9+A10) -> 205 | B11: TOTAL | D11: =SUM(D9+D10) -> 279 | E11: TOTAL | G11: =SUM(G9+G10) -> 0 | H11: TOTAL | J11: =SUM(J9+J10) -> 0 | K11: TOTAL
A13: COMBINED | D13: COMBINED | G13: COMBINED | J13: COMBINED
A14: =SUM(A6+A11) -> 219 | B14: TOTAL OPEN IN BOTH PLANTS | D14: =SUM(D6+D11) -> 292 | E14: TOTAL OPEN IN BOTH PLANTS | G14: =SUM(G6+G11) -> 0 | H14: TOTAL OPEN IN BOTH PLANTS | J14: =SUM(J6+J11) -> 0 | K14: TOTAL OPEN IN BOTH PLANTS
A16: Yellow cells = type this week's numbers here, from Aptean EAM > Open Work Orders: the date, then repair tickets and PMs for each plant.
A17: When the empty blocks are used up: copy the newest block (for example J1:K14), paste it 3 columns to the right (M1), and fill in the yellow cells. The chart on Sheet1 updates by itself.
